timestamp_utc,connector,status
2026-07-07T12:12:42+0000,Plug A,AVAILABLE
2026-07-07T12:18:44+0000,Plug B,AVAILABLE
2026-07-07T15:14:55+0000,Plug A,OCCUPIED
2026-07-07T15:19:47+0000,Plug B,OCCUPIED
2026-07-07T16:52:12+0000,Plug B,OCCUPIED
2026-07-07T18:23:48+0000,Plug A,OCCUPIED
2026-07-07T20:55:03+0000,Plug B,OCCUPIED
2026-07-07T22:17:05+0000,Plug A,AVAILABLE
2026-07-08T03:06:40+0000,Plug B,OCCUPIED
2026-07-08T04:50:40+0000,Plug A,OCCUPIED
2026-07-08T06:32:39+0000,Plug B,OCCUPIED
2026-07-08T07:34:06+0000,Plug A,OCCUPIED
2026-07-08T09:13:10+0000,Plug B,OCCUPIED
2026-07-08T10:35:23+0000,Plug A,AVAILABLE
2026-07-08T12:10:40+0000,Plug B,OCCUPIED
2026-07-08T15:18:48+0000,Plug A,AVAILABLE
2026-07-08T15:15:30+0000,Plug B,OCCUPIED
2026-07-08T15:50:31+0000,Plug A,OCCUPIED
2026-07-08T19:01:05+0000,Plug A,OCCUPIED
2026-07-08T18:33:00+0000,Plug B,OCCUPIED
2026-07-08T21:13:34+0000,Plug A,OCCUPIED
2026-07-08T21:40:00+0000,Plug A,AVAILABLE
2026-07-08T21:34:58+0000,Plug B,OCCUPIED
2026-07-09T03:31:46+0000,Plug B,OCCUPIED
2026-07-09T07:54:12+0000,Plug A,OCCUPIED
2026-07-09T06:44:54+0000,Plug B,OCCUPIED
2026-07-09T10:00:30+0000,Plug B,OCCUPIED
2026-07-09T10:33:42+0000,Plug A,AVAILABLE
2026-07-09T10:48:04+0000,Plug A,OCCUPIED
2026-07-09T13:06:06+0000,Plug B,AVAILABLE
2026-07-09T13:09:07+0000,Plug B,OCCUPIED
2026-07-09T13:18:51+0000,Plug A,OCCUPIED
2026-07-09T14:48:50+0000,Plug A,AVAILABLE
2026-07-09T16:09:45+0000,Plug B,OCCUPIED
2026-07-09T16:29:49+0000,Plug A,OCCUPIED
2026-07-09T16:31:31+0000,Plug A,AVAILABLE
2026-07-09T16:35:38+0000,Plug A,OCCUPIED
2026-07-09T18:53:39+0000,Plug A,OCCUPIED
2026-07-09T19:12:52+0000,Plug B,AVAILABLE
2026-07-09T19:34:09+0000,Plug B,OCCUPIED
2026-07-09T22:13:53+0000,Plug A,AVAILABLE
2026-07-09T22:18:55+0000,Plug B,AVAILABLE
2026-07-10T02:46:24+0000,Plug B,OCCUPIED
2026-07-10T03:47:59+0000,Plug B,OCCUPIED
2026-07-10T04:51:11+0000,Plug A,OCCUPIED
2026-07-10T05:40:43+0000,Plug B,AVAILABLE
2026-07-10T05:50:25+0000,Plug B,OCCUPIED
2026-07-10T07:05:40+0000,Plug A,AVAILABLE
2026-07-10T07:21:58+0000,Plug A,OCCUPIED
2026-07-10T07:52:13+0000,Plug B,AVAILABLE
2026-07-10T07:56:45+0000,Plug B,OCCUPIED
2026-07-10T10:13:29+0000,Plug A,AVAILABLE
2026-07-10T10:16:17+0000,Plug A,OCCUPIED
2026-07-10T10:57:44+0000,Plug B,AVAILABLE
2026-07-10T11:03:26+0000,Plug B,OCCUPIED
2026-07-10T13:04:30+0000,Plug A,AVAILABLE
2026-07-10T14:10:05+0000,Plug B,AVAILABLE
2026-07-10T14:33:01+0000,Plug B,OCCUPIED
2026-07-10T15:50:32+0000,Plug A,AVAILABLE
2026-07-10T15:55:08+0000,Plug A,AVAILABLE
2026-07-10T16:08:56+0000,Plug A,OCCUPIED
2026-07-10T17:40:11+0000,Plug B,OCCUPIED
2026-07-10T18:06:16+0000,Plug B,AVAILABLE
2026-07-10T18:24:17+0000,Plug A,AVAILABLE
2026-07-10T18:23:47+0000,Plug B,OCCUPIED
2026-07-10T18:52:53+0000,Plug A,AVAILABLE
2026-07-10T21:32:46+0000,Plug B,AVAILABLE
2026-07-10T21:36:33+0000,Plug B,OCCUPIED
2026-07-11T03:19:59+0000,Plug B,AVAILABLE
2026-07-11T04:05:41+0000,Plug B,OCCUPIED
2026-07-11T05:24:54+0000,Plug A,OCCUPIED
2026-07-11T05:26:50+0000,Plug A,OCCUPIED
2026-07-11T05:34:24+0000,Plug A,OCCUPIED
2026-07-11T05:40:30+0000,Plug A,OCCUPIED
2026-07-11T05:44:11+0000,Plug A,AVAILABLE
2026-07-11T05:49:44+0000,Plug B,AVAILABLE
2026-07-11T06:27:50+0000,Plug B,OCCUPIED
2026-07-11T07:34:42+0000,Plug A,AVAILABLE
2026-07-11T08:30:24+0000,Plug A,OCCUPIED
2026-07-11T09:25:47+0000,Plug B,AVAILABLE
2026-07-11T09:37:04+0000,Plug B,OCCUPIED
2026-07-11T11:32:17+0000,Plug A,AVAILABLE
2026-07-11T11:39:21+0000,Plug A,OCCUPIED
2026-07-11T12:39:46+0000,Plug B,AVAILABLE
2026-07-11T12:43:37+0000,Plug B,OCCUPIED
2026-07-11T14:10:07+0000,Plug A,AVAILABLE
2026-07-11T14:40:39+0000,Plug A,AVAILABLE
2026-07-11T14:42:30+0000,Plug A,AVAILABLE
2026-07-11T14:49:57+0000,Plug A,AVAILABLE
2026-07-11T14:54:34+0000,Plug A,AVAILABLE
2026-07-11T15:56:52+0000,Plug B,AVAILABLE
2026-07-11T16:06:14+0000,Plug B,OCCUPIED
2026-07-11T18:30:33+0000,Plug A,OCCUPIED
2026-07-11T18:34:32+0000,Plug A,AVAILABLE
2026-07-11T18:36:17+0000,Plug A,AVAILABLE
2026-07-11T19:09:54+0000,Plug A,AVAILABLE
2026-07-11T19:23:41+0000,Plug B,AVAILABLE
2026-07-11T19:36:38+0000,Plug B,OCCUPIED
2026-07-11T22:04:10+0000,Plug B,AVAILABLE
2026-07-12T05:54:19+0000,Plug A,OCCUPIED
2026-07-12T05:56:04+0000,Plug A,AVAILABLE
2026-07-12T05:56:39+0000,Plug B,OCCUPIED
2026-07-12T07:20:48+0000,Plug A,OCCUPIED
2026-07-12T07:40:12+0000,Plug B,AVAILABLE
2026-07-12T07:47:01+0000,Plug B,OCCUPIED
2026-07-12T09:55:45+0000,Plug A,AVAILABLE
2026-07-12T10:03:19+0000,Plug B,AVAILABLE
2026-07-12T10:08:10+0000,Plug B,OCCUPIED
2026-07-12T11:53:53+0000,Plug A,OCCUPIED
2026-07-12T11:59:10+0000,Plug A,AVAILABLE
2026-07-12T12:35:50+0000,Plug A,OCCUPIED
2026-07-12T12:40:51+0000,Plug A,AVAILABLE
2026-07-12T12:51:04+0000,Plug B,AVAILABLE
2026-07-12T14:11:35+0000,Plug B,OCCUPIED
2026-07-12T17:35:56+0000,Plug B,AVAILABLE
2026-07-12T17:42:15+0000,Plug B,OCCUPIED
2026-07-12T19:22:43+0000,Plug B,AVAILABLE
2026-07-12T19:33:02+0000,Plug B,OCCUPIED
2026-07-12T21:41:24+0000,Plug B,AVAILABLE
2026-07-13T04:45:35+0000,Plug B,OCCUPIED
2026-07-13T05:37:00+0000,Plug A,OCCUPIED
2026-07-13T06:43:55+0000,Plug B,AVAILABLE
2026-07-13T07:24:06+0000,Plug B,OCCUPIED
2026-07-13T07:47:58+0000,Plug B,AVAILABLE
2026-07-13T07:50:57+0000,Plug B,OCCUPIED
2026-07-13T07:58:51+0000,Plug A,AVAILABLE
2026-07-13T08:07:28+0000,Plug A,OCCUPIED
2026-07-13T09:58:22+0000,Plug B,OCCUPIED
2026-07-13T11:09:20+0000,Plug A,AVAILABLE
2026-07-13T11:54:33+0000,Plug B,AVAILABLE
2026-07-13T13:35:45+0000,Plug B,OCCUPIED
2026-07-13T16:07:59+0000,Plug B,AVAILABLE
2026-07-13T16:12:50+0000,Plug B,OCCUPIED
2026-07-13T16:45:32+0000,Plug A,OCCUPIED
2026-07-13T17:20:45+0000,Plug B,AVAILABLE
2026-07-13T17:26:55+0000,Plug B,OCCUPIED
2026-07-13T19:02:35+0000,Plug B,OCCUPIED
2026-07-13T19:21:32+0000,Plug A,AVAILABLE
2026-07-13T21:25:05+0000,Plug A,AVAILABLE
2026-07-13T21:28:43+0000,Plug A,AVAILABLE
2026-07-13T21:55:42+0000,Plug B,AVAILABLE
2026-07-13T22:16:40+0000,Plug B,OCCUPIED
2026-07-14T01:40:17+0000,Plug B,AVAILABLE
2026-07-14T04:36:44+0000,Plug B,OCCUPIED
2026-07-14T04:55:49+0000,Plug B,OCCUPIED
2026-07-14T05:05:50+0000,Plug A,OCCUPIED
2026-07-14T05:14:22+0000,Plug A,OCCUPIED
2026-07-14T05:19:21+0000,Plug A,OCCUPIED
2026-07-14T07:11:00+0000,Plug A,AVAILABLE
2026-07-14T07:32:50+0000,Plug B,AVAILABLE
2026-07-14T12:07:30+0000,Plug A,OCCUPIED
2026-07-14T13:39:10+0000,Plug A,AVAILABLE
2026-07-14T13:45:26+0000,Plug A,OCCUPIED
2026-07-14T15:14:58+0000,Plug A,AVAILABLE
2026-07-14T16:00:51+0000,Plug A,AVAILABLE
2026-07-14T16:03:59+0000,Plug A,AVAILABLE
2026-07-14T16:04:51+0000,Plug A,OCCUPIED
2026-07-14T18:19:51+0000,Plug A,AVAILABLE
2026-07-14T18:37:53+0000,Plug A,OCCUPIED
2026-07-14T18:42:22+0000,Plug A,OCCUPIED
2026-07-14T19:17:56+0000,Plug A,AVAILABLE
2026-07-14T19:35:00+0000,Plug A,OCCUPIED
2026-07-14T19:36:21+0000,Plug A,AVAILABLE
2026-07-14T23:19:51+0000,Plug A,OCCUPIED
2026-07-14T23:20:47+0000,Plug A,AVAILABLE
2026-07-15T04:47:58+0000,Plug A,OCCUPIED
2026-07-15T04:53:16+0000,Plug A,OCCUPIED
2026-07-15T07:06:39+0000,Plug A,AVAILABLE
2026-07-15T07:22:18+0000,Plug A,OCCUPIED
2026-07-15T09:54:26+0000,Plug A,AVAILABLE
2026-07-15T11:58:41+0000,Plug A,OCCUPIED
2026-07-15T14:19:03+0000,Plug A,AVAILABLE
2026-07-15T15:09:30+0000,Plug A,OCCUPIED
2026-07-15T18:12:15+0000,Plug A,AVAILABLE
2026-07-15T18:16:27+0000,Plug A,OCCUPIED
2026-07-15T21:12:26+0000,Plug A,AVAILABLE
2026-07-16T04:42:07+0000,Plug A,AVAILABLE
2026-07-16T06:37:00+0000,Plug A,OCCUPIED
2026-07-16T09:18:13+0000,Plug A,OCCUPIED
2026-07-16T10:46:45+0000,Plug A,AVAILABLE
2026-07-16T11:04:37+0000,Plug A,OCCUPIED
2026-07-16T14:14:16+0000,Plug A,AVAILABLE
2026-07-16T14:40:08+0000,Plug A,OCCUPIED
2026-07-16T14:42:44+0000,Plug A,AVAILABLE
2026-07-16T14:53:58+0000,Plug A,AVAILABLE
2026-07-16T14:57:12+0000,Plug A,AVAILABLE
2026-07-16T15:14:16+0000,Plug A,AVAILABLE
2026-07-16T15:34:23+0000,Plug A,OCCUPIED
2026-07-16T17:24:56+0000,Plug A,AVAILABLE
2026-07-16T17:38:06+0000,Plug A,OCCUPIED
2026-07-16T19:20:34+0000,Plug B,OCCUPIED
2026-07-16T19:51:59+0000,Plug A,AVAILABLE
2026-07-16T21:36:02+0000,Plug A,OCCUPIED
2026-07-16T21:39:34+0000,Plug B,AVAILABLE
2026-07-16T21:42:41+0000,Plug A,AVAILABLE
2026-07-16T21:48:18+0000,Plug A,OCCUPIED
2026-07-16T21:45:45+0000,Plug B,OCCUPIED
2026-07-16T21:54:51+0000,Plug A,OCCUPIED
2026-07-16T22:00:29+0000,Plug A,AVAILABLE
2026-07-16T23:54:59+0000,Plug B,AVAILABLE
2026-07-17T00:01:03+0000,Plug A,OCCUPIED
2026-07-17T03:07:23+0000,Plug A,AVAILABLE
2026-07-17T04:14:42+0000,Plug A,OCCUPIED
2026-07-17T04:51:06+0000,Plug A,AVAILABLE
2026-07-17T04:53:57+0000,Plug B,OCCUPIED
2026-07-17T05:07:38+0000,Plug A,OCCUPIED
2026-07-17T06:36:46+0000,Plug B,AVAILABLE
2026-07-17T07:22:49+0000,Plug A,OCCUPIED
2026-07-17T07:30:01+0000,Plug B,OCCUPIED
2026-07-17T08:47:15+0000,Plug B,AVAILABLE
2026-07-17T08:51:19+0000,Plug B,OCCUPIED
2026-07-17T09:40:18+0000,Plug A,OCCUPIED
2026-07-17T09:44:53+0000,Plug A,AVAILABLE
2026-07-17T10:29:22+0000,Plug A,AVAILABLE
2026-07-17T10:30:03+0000,Plug B,OCCUPIED
2026-07-17T10:30:34+0000,Plug B,AVAILABLE
2026-07-17T11:50:12+0000,Plug B,OCCUPIED
2026-07-17T13:56:45+0000,Plug A,OCCUPIED
2026-07-17T14:14:11+0000,Plug A,OCCUPIED
2026-07-17T14:14:11+0000,Plug B,AVAILABLE
2026-07-17T14:22:53+0000,Plug B,OCCUPIED
2026-07-17T17:37:10+0000,Plug B,AVAILABLE
2026-07-17T17:40:41+0000,Plug B,OCCUPIED
2026-07-17T18:37:33+0000,Plug A,AVAILABLE
2026-07-17T18:40:22+0000,Plug A,OCCUPIED
2026-07-17T21:01:44+0000,Plug B,AVAILABLE
2026-07-17T21:09:26+0000,Plug A,AVAILABLE
2026-07-17T22:20:11+0000,Plug B,OCCUPIED
2026-07-18T00:38:31+0000,Plug B,OCCUPIED
2026-07-18T04:26:44+0000,Plug B,AVAILABLE
2026-07-18T05:29:04+0000,Plug B,OCCUPIED
2026-07-18T06:25:03+0000,Plug A,OCCUPIED
2026-07-18T06:28:26+0000,Plug A,AVAILABLE
2026-07-18T06:45:16+0000,Plug A,OCCUPIED
2026-07-18T06:49:32+0000,Plug A,AVAILABLE
2026-07-18T06:47:42+0000,Plug B,AVAILABLE
2026-07-18T06:51:20+0000,Plug B,OCCUPIED
2026-07-18T07:27:29+0000,Plug A,OCCUPIED
2026-07-18T07:32:07+0000,Plug A,OCCUPIED
2026-07-18T07:39:58+0000,Plug A,AVAILABLE
2026-07-18T08:21:49+0000,Plug A,OCCUPIED
2026-07-18T10:02:51+0000,Plug B,OCCUPIED
2026-07-18T10:21:57+0000,Plug B,AVAILABLE
2026-07-18T10:46:42+0000,Plug B,OCCUPIED
2026-07-18T11:03:40+0000,Plug A,AVAILABLE
2026-07-18T14:01:17+0000,Plug B,AVAILABLE
2026-07-18T14:07:53+0000,Plug B,OCCUPIED
2026-07-18T15:13:55+0000,Plug B,AVAILABLE
2026-07-18T15:29:15+0000,Plug B,OCCUPIED
2026-07-18T16:21:41+0000,Plug A,OCCUPIED
2026-07-18T18:22:43+0000,Plug B,AVAILABLE
2026-07-18T18:36:56+0000,Plug B,OCCUPIED
2026-07-18T19:01:07+0000,Plug B,AVAILABLE
2026-07-18T19:08:34+0000,Plug B,OCCUPIED
2026-07-18T20:02:10+0000,Plug A,AVAILABLE
2026-07-18T21:45:42+0000,Plug B,AVAILABLE
2026-07-18T21:51:19+0000,Plug B,OCCUPIED
2026-07-19T01:08:54+0000,Plug B,OCCUPIED
2026-07-19T03:51:46+0000,Plug B,AVAILABLE
2026-07-19T04:15:27+0000,Plug B,OCCUPIED
2026-07-19T06:23:16+0000,Plug A,OCCUPIED
2026-07-19T06:29:43+0000,Plug B,AVAILABLE
2026-07-19T07:27:08+0000,Plug B,OCCUPIED
2026-07-19T09:16:27+0000,Plug B,AVAILABLE
2026-07-19T09:31:31+0000,Plug B,OCCUPIED
2026-07-19T09:38:49+0000,Plug A,AVAILABLE
2026-07-19T09:47:44+0000,Plug A,OCCUPIED
2026-07-19T09:51:14+0000,Plug A,AVAILABLE
2026-07-19T10:18:45+0000,Plug A,OCCUPIED
2026-07-19T12:21:51+0000,Plug A,AVAILABLE
2026-07-19T12:39:49+0000,Plug B,OCCUPIED
2026-07-19T15:44:53+0000,Plug B,AVAILABLE
2026-07-19T15:59:10+0000,Plug A,OCCUPIED
2026-07-19T22:57:43+0000,Plug A,AVAILABLE
2026-07-20T04:35:03+0000,Plug B,OCCUPIED
2026-07-20T05:43:26+0000,Plug A,OCCUPIED
2026-07-20T07:14:32+0000,Plug B,AVAILABLE
2026-07-20T07:17:07+0000,Plug A,OCCUPIED
2026-07-20T07:31:05+0000,Plug B,OCCUPIED
2026-07-20T08:36:07+0000,Plug A,AVAILABLE
2026-07-20T10:04:13+0000,Plug A,OCCUPIED
2026-07-20T10:54:13+0000,Plug A,AVAILABLE
2026-07-20T10:58:16+0000,Plug B,AVAILABLE
2026-07-20T11:42:49+0000,Plug B,OCCUPIED
2026-07-20T13:34:56+0000,Plug A,OCCUPIED
2026-07-20T13:45:05+0000,Plug A,AVAILABLE
2026-07-20T13:45:33+0000,Plug A,OCCUPIED
2026-07-20T14:47:49+0000,Plug A,AVAILABLE
2026-07-20T15:24:52+0000,Plug B,OCCUPIED
2026-07-20T15:28:46+0000,Plug B,OCCUPIED
2026-07-20T17:10:07+0000,Plug A,OCCUPIED
2026-07-20T17:42:47+0000,Plug B,OCCUPIED
2026-07-20T18:36:05+0000,Plug B,AVAILABLE
2026-07-20T18:45:45+0000,Plug A,AVAILABLE
2026-07-20T19:39:41+0000,Plug B,OCCUPIED
2026-07-20T21:49:42+0000,Plug B,AVAILABLE
2026-07-21T04:26:24+0000,Plug B,OCCUPIED
2026-07-21T04:47:12+0000,Plug A,OCCUPIED
2026-07-21T05:46:57+0000,Plug A,AVAILABLE
2026-07-21T06:06:02+0000,Plug B,AVAILABLE
2026-07-21T06:12:40+0000,Plug B,OCCUPIED
2026-07-21T07:30:00+0000,Plug A,OCCUPIED
2026-07-21T09:39:26+0000,Plug A,AVAILABLE
2026-07-21T09:52:57+0000,Plug B,AVAILABLE
2026-07-21T10:19:12+0000,Plug A,OCCUPIED
2026-07-21T11:30:58+0000,Plug B,OCCUPIED
2026-07-21T13:10:02+0000,Plug B,AVAILABLE
2026-07-21T13:13:47+0000,Plug A,AVAILABLE
2026-07-21T13:22:32+0000,Plug B,OCCUPIED
2026-07-21T14:45:15+0000,Plug A,OCCUPIED
2026-07-21T14:52:10+0000,Plug A,AVAILABLE
2026-07-21T15:52:06+0000,Plug A,OCCUPIED
2026-07-21T16:13:00+0000,Plug B,AVAILABLE
2026-07-21T16:27:51+0000,Plug B,OCCUPIED
2026-07-21T17:37:13+0000,Plug A,AVAILABLE
2026-07-21T17:43:24+0000,Plug B,AVAILABLE
2026-07-21T18:09:07+0000,Plug B,OCCUPIED
2026-07-21T21:00:40+0000,Plug B,AVAILABLE
2026-07-21T21:01:04+0000,Plug B,OCCUPIED
2026-07-21T21:11:48+0000,Plug B,AVAILABLE
2026-07-22T04:58:59+0000,Plug B,OCCUPIED
2026-07-22T05:12:33+0000,Plug A,OCCUPIED
2026-07-22T07:15:14+0000,Plug A,AVAILABLE
2026-07-22T08:07:34+0000,Plug B,AVAILABLE
2026-07-22T08:26:30+0000,Plug A,AVAILABLE
2026-07-22T08:26:55+0000,Plug B,OCCUPIED
2026-07-22T09:14:21+0000,Plug A,OCCUPIED
2026-07-22T11:40:09+0000,Plug B,AVAILABLE
2026-07-22T12:25:12+0000,Plug A,AVAILABLE
2026-07-22T12:35:51+0000,Plug B,OCCUPIED
2026-07-22T13:47:16+0000,Plug A,OCCUPIED
2026-07-22T14:29:38+0000,Plug B,AVAILABLE
2026-07-22T14:33:39+0000,Plug B,OCCUPIED
2026-07-22T15:33:57+0000,Plug A,AVAILABLE
2026-07-22T15:37:26+0000,Plug A,OCCUPIED
2026-07-22T15:49:06+0000,Plug B,AVAILABLE
2026-07-22T16:53:18+0000,Plug B,OCCUPIED
2026-07-22T17:08:11+0000,Plug A,AVAILABLE
2026-07-22T17:39:02+0000,Plug A,OCCUPIED
2026-07-22T17:43:52+0000,Plug A,AVAILABLE
2026-07-22T17:43:52+0000,Plug B,AVAILABLE
2026-07-22T17:47:07+0000,Plug B,OCCUPIED
2026-07-22T18:00:31+0000,Plug A,OCCUPIED
2026-07-22T18:03:47+0000,Plug A,AVAILABLE
2026-07-22T18:24:52+0000,Plug A,OCCUPIED
2026-07-22T18:25:51+0000,Plug A,AVAILABLE
2026-07-22T20:24:30+0000,Plug B,OCCUPIED
2026-07-22T22:00:12+0000,Plug B,AVAILABLE
2026-07-22T23:44:23+0000,Plug B,OCCUPIED
2026-07-23T03:24:57+0000,Plug B,AVAILABLE
2026-07-23T04:45:08+0000,Plug B,OCCUPIED
2026-07-23T05:36:56+0000,Plug A,OCCUPIED
2026-07-23T07:09:18+0000,Plug B,AVAILABLE
2026-07-23T07:16:59+0000,Plug B,OCCUPIED
2026-07-23T08:16:09+0000,Plug A,AVAILABLE
2026-07-23T11:46:42+0000,Plug B,AVAILABLE
2026-07-23T12:09:42+0000,Plug B,OCCUPIED
2026-07-23T13:53:32+0000,Plug A,OCCUPIED
2026-07-23T15:14:09+0000,Plug B,AVAILABLE
2026-07-23T15:38:38+0000,Plug B,OCCUPIED
2026-07-23T16:38:20+0000,Plug A,AVAILABLE
2026-07-23T16:46:46+0000,Plug A,OCCUPIED
2026-07-23T17:49:32+0000,Plug A,AVAILABLE
2026-07-23T18:48:37+0000,Plug B,AVAILABLE
2026-07-23T19:04:50+0000,Plug A,OCCUPIED
2026-07-23T19:41:34+0000,Plug B,OCCUPIED
2026-07-23T21:16:04+0000,Plug B,AVAILABLE
2026-07-23T21:59:04+0000,Plug B,OCCUPIED
2026-07-23T23:33:54+0000,Plug A,AVAILABLE
2026-07-24T00:13:57+0000,Plug B,OCCUPIED
2026-07-24T04:05:38+0000,Plug B,AVAILABLE
2026-07-24T04:18:25+0000,Plug B,OCCUPIED
2026-07-24T05:09:54+0000,Plug A,OCCUPIED
2026-07-24T06:17:51+0000,Plug B,AVAILABLE
2026-07-24T06:26:14+0000,Plug B,OCCUPIED
2026-07-24T07:46:55+0000,Plug A,AVAILABLE
2026-07-24T07:51:35+0000,Plug A,OCCUPIED
2026-07-24T08:07:11+0000,Plug B,AVAILABLE
2026-07-24T10:00:38+0000,Plug B,OCCUPIED
2026-07-24T10:19:16+0000,Plug A,OCCUPIED
2026-07-24T13:06:28+0000,Plug A,AVAILABLE
2026-07-24T13:12:44+0000,Plug B,AVAILABLE
2026-07-24T13:18:03+0000,Plug B,OCCUPIED
2026-07-24T14:06:54+0000,Plug A,OCCUPIED
2026-07-24T16:00:17+0000,Plug B,AVAILABLE
2026-07-24T16:24:26+0000,Plug A,AVAILABLE
2026-07-24T16:30:49+0000,Plug B,OCCUPIED
2026-07-24T16:43:36+0000,Plug A,OCCUPIED
2026-07-24T19:23:19+0000,Plug A,AVAILABLE
2026-07-24T19:29:42+0000,Plug A,OCCUPIED
2026-07-24T19:32:51+0000,Plug A,OCCUPIED
2026-07-24T19:37:56+0000,Plug A,AVAILABLE
2026-07-24T19:39:01+0000,Plug B,OCCUPIED
2026-07-24T22:53:04+0000,Plug B,AVAILABLE
2026-07-25T00:31:35+0000,Plug B,OCCUPIED
2026-07-25T03:22:39+0000,Plug A,OCCUPIED
2026-07-25T03:39:12+0000,Plug B,AVAILABLE
2026-07-25T04:32:32+0000,Plug B,OCCUPIED
2026-07-25T06:32:01+0000,Plug A,AVAILABLE
2026-07-25T06:43:31+0000,Plug A,OCCUPIED
2026-07-25T07:53:39+0000,Plug B,AVAILABLE
2026-07-25T07:59:03+0000,Plug B,OCCUPIED
2026-07-25T09:21:54+0000,Plug A,AVAILABLE
2026-07-25T09:30:07+0000,Plug A,OCCUPIED
2026-07-25T11:02:09+0000,Plug B,AVAILABLE
2026-07-25T11:13:06+0000,Plug B,OCCUPIED
2026-07-25T12:31:15+0000,Plug A,AVAILABLE
2026-07-25T13:38:09+0000,Plug B,AVAILABLE
2026-07-25T13:43:50+0000,Plug B,OCCUPIED
2026-07-25T16:13:37+0000,Plug A,OCCUPIED
2026-07-25T16:26:15+0000,Plug B,AVAILABLE
2026-07-25T16:30:27+0000,Plug B,OCCUPIED
2026-07-25T16:45:49+0000,Plug A,OCCUPIED
2026-07-25T19:26:07+0000,Plug B,AVAILABLE
2026-07-25T19:50:19+0000,Plug B,OCCUPIED
2026-07-25T20:02:18+0000,Plug A,AVAILABLE
2026-07-25T21:09:36+0000,Plug A,OCCUPIED
2026-07-25T21:49:40+0000,Plug B,AVAILABLE
2026-07-25T22:06:05+0000,Plug B,OCCUPIED
2026-07-26T00:29:13+0000,Plug B,OCCUPIED
2026-07-26T00:50:50+0000,Plug A,AVAILABLE
2026-07-26T04:31:43+0000,Plug B,AVAILABLE
2026-07-26T05:41:33+0000,Plug B,OCCUPIED
2026-07-26T05:52:11+0000,Plug A,OCCUPIED
2026-07-26T05:57:29+0000,Plug A,AVAILABLE
2026-07-26T06:14:47+0000,Plug A,OCCUPIED
2026-07-26T07:55:11+0000,Plug A,AVAILABLE
2026-07-26T09:03:59+0000,Plug A,OCCUPIED
2026-07-26T09:03:59+0000,Plug B,AVAILABLE
2026-07-26T10:33:58+0000,Plug B,OCCUPIED
2026-07-26T11:49:58+0000,Plug B,AVAILABLE
2026-07-26T12:07:41+0000,Plug A,AVAILABLE
2026-07-26T14:08:43+0000,Plug B,OCCUPIED
2026-07-26T15:50:13+0000,Plug A,AVAILABLE
2026-07-26T15:54:00+0000,Plug A,AVAILABLE
2026-07-26T16:10:11+0000,Plug B,AVAILABLE
2026-07-26T17:20:46+0000,Plug B,OCCUPIED
2026-07-26T20:23:35+0000,Plug A,OCCUPIED
2026-07-26T20:29:31+0000,Plug A,AVAILABLE
2026-07-26T20:54:14+0000,Plug A,AVAILABLE
2026-07-26T21:42:58+0000,Plug B,AVAILABLE
2026-07-26T21:52:07+0000,Plug B,OCCUPIED
2026-07-27T00:54:10+0000,Plug B,AVAILABLE
2026-07-27T03:15:50+0000,Plug B,OCCUPIED
2026-07-27T04:55:29+0000,Plug B,AVAILABLE
2026-07-27T05:20:20+0000,Plug B,OCCUPIED
2026-07-27T05:21:46+0000,Plug A,OCCUPIED
2026-07-27T07:11:47+0000,Plug B,AVAILABLE
2026-07-27T07:18:29+0000,Plug B,OCCUPIED
2026-07-27T07:34:16+0000,Plug A,AVAILABLE
2026-07-27T07:49:16+0000,Plug A,OCCUPIED
2026-07-27T10:04:50+0000,Plug B,AVAILABLE
2026-07-27T10:19:27+0000,Plug B,OCCUPIED
2026-07-27T11:19:28+0000,Plug A,AVAILABLE
2026-07-27T13:27:49+0000,Plug A,OCCUPIED
2026-07-27T13:27:34+0000,Plug B,AVAILABLE
2026-07-27T13:38:21+0000,Plug B,OCCUPIED
2026-07-27T15:46:04+0000,Plug B,AVAILABLE
2026-07-27T15:57:27+0000,Plug B,OCCUPIED
2026-07-27T16:32:58+0000,Plug A,AVAILABLE
2026-07-27T16:36:00+0000,Plug A,OCCUPIED
2026-07-27T18:54:24+0000,Plug B,AVAILABLE
2026-07-27T19:07:03+0000,Plug B,OCCUPIED
2026-07-27T19:44:56+0000,Plug A,AVAILABLE
2026-07-27T20:48:18+0000,Plug A,OCCUPIED
2026-07-27T20:48:54+0000,Plug B,AVAILABLE
2026-07-27T21:41:02+0000,Plug B,OCCUPIED
2026-07-28T01:00:29+0000,Plug B,AVAILABLE
2026-07-28T01:01:53+0000,Plug B,OCCUPIED
2026-07-28T04:08:36+0000,Plug B,AVAILABLE
2026-07-28T04:32:40+0000,Plug B,OCCUPIED
2026-07-28T04:50:15+0000,Plug A,AVAILABLE
2026-07-28T04:53:21+0000,Plug A,OCCUPIED
2026-07-28T06:54:29+0000,Plug B,AVAILABLE
2026-07-28T07:11:18+0000,Plug B,OCCUPIED
2026-07-28T08:13:38+0000,Plug A,AVAILABLE
2026-07-28T10:14:15+0000,Plug A,OCCUPIED
2026-07-28T10:12:22+0000,Plug B,AVAILABLE
2026-07-28T10:18:04+0000,Plug B,OCCUPIED
2026-07-28T13:04:44+0000,Plug A,AVAILABLE
2026-07-28T13:14:41+0000,Plug B,OCCUPIED
2026-07-28T13:35:12+0000,Plug A,AVAILABLE
2026-07-28T13:39:57+0000,Plug A,AVAILABLE
2026-07-28T13:41:16+0000,Plug A,AVAILABLE
2026-07-28T13:49:20+0000,Plug A,OCCUPIED
2026-07-28T13:48:21+0000,Plug B,OCCUPIED
2026-07-28T15:55:57+0000,Plug B,AVAILABLE
2026-07-28T16:01:23+0000,Plug B,OCCUPIED
2026-07-28T16:14:21+0000,Plug A,AVAILABLE
2026-07-28T16:18:09+0000,Plug A,OCCUPIED
2026-07-28T18:16:45+0000,Plug A,AVAILABLE
2026-07-28T19:07:54+0000,Plug B,OCCUPIED
2026-07-28T21:03:35+0000,Plug A,OCCUPIED
2026-07-28T21:39:59+0000,Plug B,AVAILABLE
2026-07-29T01:10:26+0000,Plug A,AVAILABLE
2026-07-29T03:43:17+0000,Plug B,OCCUPIED
2026-07-29T03:58:26+0000,Plug A,OCCUPIED
2026-07-29T06:05:17+0000,Plug B,AVAILABLE
2026-07-29T06:13:13+0000,Plug B,OCCUPIED
2026-07-29T08:04:48+0000,Plug B,OCCUPIED
2026-07-29T08:17:13+0000,Plug A,AVAILABLE
2026-07-29T10:25:39+0000,Plug B,AVAILABLE
2026-07-29T10:39:44+0000,Plug B,OCCUPIED
2026-07-29T10:57:09+0000,Plug A,OCCUPIED
2026-07-29T12:26:00+0000,Plug A,AVAILABLE
2026-07-29T13:08:55+0000,Plug A,OCCUPIED
2026-07-29T13:43:44+0000,Plug B,AVAILABLE
2026-07-29T13:49:20+0000,Plug B,OCCUPIED
2026-07-29T15:11:04+0000,Plug A,AVAILABLE
2026-07-29T15:10:59+0000,Plug B,AVAILABLE
2026-07-29T15:28:14+0000,Plug A,OCCUPIED
2026-07-29T15:27:31+0000,Plug B,OCCUPIED
2026-07-29T15:32:56+0000,Plug A,AVAILABLE
2026-07-29T15:36:50+0000,Plug A,OCCUPIED
2026-07-29T18:29:54+0000,Plug B,AVAILABLE
2026-07-29T18:37:22+0000,Plug B,OCCUPIED
2026-07-29T18:44:26+0000,Plug A,AVAILABLE
2026-07-29T18:59:40+0000,Plug A,AVAILABLE
2026-07-29T19:02:58+0000,Plug A,AVAILABLE
2026-07-29T19:17:29+0000,Plug A,OCCUPIED
2026-07-29T19:44:57+0000,Plug A,OCCUPIED
2026-07-29T19:46:08+0000,Plug A,AVAILABLE
2026-07-29T21:51:24+0000,Plug B,AVAILABLE
2026-07-29T22:22:37+0000,Plug B,OCCUPIED
2026-07-30T01:07:58+0000,Plug B,AVAILABLE
2026-07-30T05:07:01+0000,Plug A,OCCUPIED
2026-07-30T05:11:11+0000,Plug B,OCCUPIED
2026-07-30T07:30:15+0000,Plug A,AVAILABLE
2026-07-30T07:37:21+0000,Plug A,OCCUPIED
2026-07-30T08:14:05+0000,Plug B,AVAILABLE
2026-07-30T08:31:30+0000,Plug B,OCCUPIED
2026-07-30T10:38:53+0000,Plug A,AVAILABLE
2026-07-30T11:44:44+0000,Plug A,OCCUPIED
2026-07-30T11:46:25+0000,Plug A,AVAILABLE
2026-07-30T11:59:32+0000,Plug B,OCCUPIED
2026-07-30T12:57:06+0000,Plug A,OCCUPIED
2026-07-30T13:48:51+0000,Plug A,AVAILABLE
2026-07-30T14:47:26+0000,Plug A,OCCUPIED
2026-07-30T14:54:54+0000,Plug A,AVAILABLE
2026-07-30T14:57:03+0000,Plug A,OCCUPIED
2026-07-30T15:01:00+0000,Plug A,AVAILABLE
2026-07-30T15:05:21+0000,Plug B,AVAILABLE
2026-07-30T15:28:03+0000,Plug A,OCCUPIED
2026-07-30T15:33:06+0000,Plug B,OCCUPIED
2026-07-30T16:52:38+0000,Plug A,AVAILABLE
2026-07-30T16:52:10+0000,Plug B,AVAILABLE
2026-07-30T17:14:55+0000,Plug B,OCCUPIED
2026-07-30T19:35:30+0000,Plug B,AVAILABLE
2026-07-30T20:25:43+0000,Plug A,OCCUPIED
2026-07-30T21:10:44+0000,Plug A,AVAILABLE
2026-07-31T04:43:36+0000,Plug B,OCCUPIED
2026-07-31T05:10:39+0000,Plug A,OCCUPIED
2026-07-31T06:56:25+0000,Plug A,AVAILABLE
2026-07-31T07:25:53+0000,Plug B,AVAILABLE
2026-07-31T07:40:57+0000,Plug B,OCCUPIED
2026-07-31T08:10:43+0000,Plug A,OCCUPIED
2026-07-31T10:13:50+0000,Plug B,AVAILABLE
2026-07-31T10:17:01+0000,Plug B,OCCUPIED
2026-07-31T12:39:09+0000,Plug A,OCCUPIED
2026-07-31T12:43:12+0000,Plug A,AVAILABLE
2026-07-31T12:52:05+0000,Plug B,AVAILABLE
2026-07-31T13:19:01+0000,Plug B,OCCUPIED
2026-07-31T13:38:02+0000,Plug B,AVAILABLE
2026-07-31T13:42:06+0000,Plug B,OCCUPIED
2026-07-31T15:42:06+0000,Plug B,AVAILABLE
2026-07-31T16:07:11+0000,Plug B,OCCUPIED
2026-07-31T17:13:51+0000,Plug A,OCCUPIED
2026-07-31T18:31:20+0000,Plug B,AVAILABLE
2026-07-31T19:39:58+0000,Plug B,OCCUPIED
2026-07-31T20:54:16+0000,Plug A,AVAILABLE
2026-07-31T20:57:57+0000,Plug A,OCCUPIED
2026-07-31T21:02:29+0000,Plug A,AVAILABLE
2026-07-31T21:21:18+0000,Plug B,AVAILABLE
2026-07-31T23:14:23+0000,Plug B,OCCUPIED
2026-08-01T02:34:26+0000,Plug B,AVAILABLE
2026-08-01T03:22:39+0000,Plug B,OCCUPIED
2026-08-01T06:30:24+0000,Plug B,AVAILABLE
2026-08-01T06:30:59+0000,Plug B,OCCUPIED
2026-08-01T09:50:18+0000,Plug B,AVAILABLE
2026-08-01T11:20:23+0000,Plug B,OCCUPIED
2026-08-01T13:53:13+0000,Plug A,OCCUPIED
2026-08-01T14:20:50+0000,Plug B,AVAILABLE
2026-08-01T14:50:14+0000,Plug B,OCCUPIED
2026-08-01T16:35:02+0000,Plug A,AVAILABLE
2026-08-01T17:00:31+0000,Plug A,OCCUPIED
2026-08-01T17:01:39+0000,Plug A,AVAILABLE
2026-08-01T17:33:54+0000,Plug A,OCCUPIED
2026-08-01T17:59:42+0000,Plug B,AVAILABLE
2026-08-01T18:01:47+0000,Plug B,OCCUPIED
2026-08-01T20:30:39+0000,Plug A,AVAILABLE
2026-08-01T20:32:21+0000,Plug B,OCCUPIED
2026-08-01T22:26:05+0000,Plug A,OCCUPIED
2026-08-01T22:44:27+0000,Plug B,AVAILABLE
2026-08-02T00:16:54+0000,Plug B,OCCUPIED
2026-08-02T01:40:14+0000,Plug A,AVAILABLE
2026-08-02T01:54:46+0000,Plug B,AVAILABLE
2026-08-02T03:50:05+0000,Plug B,OCCUPIED
2026-08-02T04:07:43+0000,Plug B,OCCUPIED
2026-08-02T06:55:28+0000,Plug A,OCCUPIED
2026-08-02T07:20:39+0000,Plug B,AVAILABLE
2026-08-02T09:41:42+0000,Plug A,AVAILABLE
2026-08-02T09:44:33+0000,Plug B,OCCUPIED
2026-08-02T12:01:27+0000,Plug A,OCCUPIED
2026-08-02T12:30:21+0000,Plug B,AVAILABLE
2026-08-02T12:36:33+0000,Plug B,OCCUPIED
2026-08-02T14:01:46+0000,Plug A,AVAILABLE
2026-08-02T14:25:20+0000,Plug A,OCCUPIED
2026-08-02T14:53:16+0000,Plug A,OCCUPIED
2026-08-02T15:53:51+0000,Plug B,AVAILABLE
2026-08-02T16:40:53+0000,Plug B,OCCUPIED
2026-08-02T16:56:18+0000,Plug B,AVAILABLE
2026-08-02T18:00:28+0000,Plug A,AVAILABLE
2026-08-02T18:17:14+0000,Plug B,OCCUPIED
2026-08-02T20:16:43+0000,Plug A,OCCUPIED
2026-08-02T20:27:41+0000,Plug B,AVAILABLE
2026-08-02T21:04:33+0000,Plug B,OCCUPIED
2026-08-02T21:21:08+0000,Plug A,AVAILABLE
2026-08-02T23:32:08+0000,Plug B,AVAILABLE
2026-08-03T04:47:36+0000,Plug B,OCCUPIED
2026-08-03T04:54:03+0000,Plug A,OCCUPIED
2026-08-03T04:55:25+0000,Plug A,AVAILABLE
2026-08-03T05:10:32+0000,Plug A,OCCUPIED
2026-08-03T07:31:31+0000,Plug B,AVAILABLE
2026-08-03T07:36:55+0000,Plug B,OCCUPIED
2026-08-03T07:51:50+0000,Plug A,AVAILABLE
2026-08-03T08:16:16+0000,Plug A,OCCUPIED
2026-08-03T10:08:57+0000,Plug B,AVAILABLE
2026-08-03T10:14:27+0000,Plug B,OCCUPIED
2026-08-03T11:57:40+0000,Plug A,AVAILABLE
2026-08-03T12:06:50+0000,Plug A,OCCUPIED
2026-08-03T12:38:56+0000,Plug A,AVAILABLE
2026-08-03T12:59:45+0000,Plug B,OCCUPIED
